{
  "project_info": {
    "project_number": "802682793627",
    "firebase_url": "https://distribuidoraapp6-default-rtdb.firebaseio.com",
    "project_id": "distribuidoraapp6",
    "storage_bucket": "distribuidoraapp6.firebasestorage.app"
  },
  "client": [
    {
      "client_info": {
        "mobilesdk_app_id": "1:802682793627:android:59e1df89cf461392cf203e",
        "android_client_info": {
          "package_name": "aiep.rominacortez.semana_5"
        }
      },
      "oauth_client": [],
      "api_key": [
        {
          "current_key": "AIzaSyDdOK4V3WLOvQ60PQ65IUlA2M8dKT3pkkc"
        }
      ],
      "services": {
        "appinvite_service": {
          "other_platform_oauth_client": []
        }
      }
    }
  ],
  "configuration_version": "1"
}